query	answer	mod	id	host
штраф за непробитый чек	Когда кассир не пробил чек в момент расчета, сведения о выручке не попадут в ФНС. За это нарушение предусмотрен штраф до 100 процентов от суммы расчета, но не менее 30 000 руб. (п. 2 ст. 14.5 КоАП).	86	277941	vip.1gl.ru
госпошлина за выдачу судебного приказа	50% размера госпошлины, взимаемой при подаче искового заявления имущественного характера	16	88397	vip.1gl.ru
ндс с авансов предлагают отменить	НДС с авансов могут отменить. Петиция с таким предложением опубликована на сайте Российской общественной инициативы (РОИ). Авторы инициативы считают, что отмена НДС с авансов не приведет к потерям бюджета, но будет кассовый разрыв. То есть отмена НДС с аванса всего лишь отодвинет срок возникновения обязанности исчисления НДС до момента реализации. 	86	484120	vip.1gl.ru
прием на работу гражданина киргизии	При приеме на работу гражданин Киргизии должен принести общий пакет документов (ч. 1 ст. 65 ТК, п. 4 ст. 97 Договора о Евразийском экономическом союзе от 29.05.2014). Также такие граждане должны предъявить действующий на территории России полис ДМС. При этом предъявлять такой полис не нужно, если работодатель заключает с медицинской организацией договор о предоставлении платных медицинских услуг сотруднику-иностранцу (ч. 1 ст. 327.3 ТК, п. 3 ст. 98 Договора о Евразийском экономическом союзе от 29.05.2014).	12	403383	vip.1gl.ru
обязательные реквизиты первичных документов	При этом первичный документ должен содержать обязательные реквизиты (ч. 2 ст. 9 Закона от 06.12.2011 № 402-ФЗ, п. 4, 8 ФСБУ 27/2021): наименование документа; дата составления документа; наименование экономического субъекта (организации), составившего документ; содержание факта хозяйственной жизни; величина натурального и (или) денежного измерения факта хозяйственной жизни с указанием единиц измерения; наименование должностей лиц, совершивших сделку, операцию, и ответственных за ее оформление, либо наименование должностей лиц, ответственных за оформление свершившегося события; подписи указанных лиц с расшифровкой и иную информацию, необходимую для идентификации этих лиц.	86	485001	vip.1gl.ru
восстановление работника по решению суда	Сотрудника могут восстановить на работе, если работодатель нарушил процедуру оформления увольнения по сокращению штата или численности (ст. 180 ТК).	12	409779	vip.1gl.ru
срок на возврат госпошлины из бюджета	Документы на возврат госпошлины можно подать в течение трех лет с момента ее уплаты (абз. 7 п. 3 ст. 333.40 НК).	86	175438	vip.1gl.ru
документы на возврат госпошлины	К заявлению приложите оригиналы платежных документов (квитанции банка либо местных администраций и т. д.) – если платили наличными, копии – при безналичных перечислениях. Дополнительные документы не нужны, если в информационной системе государственных и муниципальных платежей есть информация о платеже.	86	175438	vip.1gl.ru
восстановление срока на зачет госпошлины	Госпошлину можно зачесть в течение трех лет со дня уплаты госпошлины или принятия судом решения о возврате госпошлины (п. 6 ст. 333.40 НК). Если срок истек, организация теряет право на зачет госпошлины. Срок можно восстановить, если суд признает, что организация пропустила его по уважительной причине (ст. 112 ГПК, ст. 117 АПК).	86	380189	vip.1gl.ru
когда решат о зачете госпошлины	Срок принятия решения о зачете – 10 дней со дня получения заявления (п. 5 ст. 78, п. 7 ст. 333.40 НК). В случае отказа в возврате госпошлины вам обязаны сообщить в письменной форме в течение пяти дней (п. 9 ст. 78, п. 7 ст. 333.40 НК). 	86	380189	vip.1gl.ru
прием на работу иностранных граждан	Перед тем как принимать на работу сотрудника-иностранца, убедитесь, что у него нет ограничений на въезд в Россию. Затем выясните, нужно ли на этого сотрудника получить разрешительную документацию. Обязательна она или нет, зависит от статуса иностранного сотрудника, а также от условий международных договоров. После того как заключите трудовой договор с иностранцем, уведомите об этом подразделение МВД по вопросам миграции.	16	116520	vip.1gl.ru
заявление о смене снилс если сотрудник поменял фамилию	Чтобы подать сведения об изменении фамилии в лицевом счете сотрудника, получите от него заявление в произвольной форме.	12	396643	vip.1gl.ru
повторное предоставление документов в налоговую	ИФНС вправе запросить документы повторно: если организация отдавала подлинники, которые инспекторы впоследствии вернули; если копии были утрачены инспекторами в связи с обстоятельствами непреодолимой силы.	12	338982	vip.1gl.ru
срок отпуск для сотрудника инвалида	Сотрудники-инвалиды вправе использовать удлиненный отпуск – 30 календарных дней вместо 28.	16	62477	vip.1gl.ru
нужно ли предоставлять отпуск надомникам	Ежегодные отпуска предоставляйте всем сотрудникам, которые работают в организации по трудовому договору, в том числе: совместителям (ч. 2 ст. 287 ТК); сезонным работникам (ст. 295 ТК); сотрудникам, с которыми заключен срочный трудовой договор на срок до двух месяцев (ст. 291 ТК); надомникам (ч. 4 ст. 310 ТК); дистанционным сотрудникам (ст. 312.4 ТК).	16	62477	vip.1gl.ru
нужно ли предоставлять отпуск удаленщикам	Ежегодные отпуска предоставляйте всем сотрудникам, которые работают в организации по трудовому договору, в том числе: совместителям (ч. 2 ст. 287 ТК); сезонным работникам (ст. 295 ТК); сотрудникам, с которыми заключен срочный трудовой договор на срок до двух месяцев (ст. 291 ТК); надомникам (ч. 4 ст. 310 ТК); дистанционным сотрудникам (ст. 312.4 ТК).	16	62477	vip.1gl.ru
кому положен отпуск в любое время вне графика	Также есть категории работников, кому всегда нужно предоставлять отпуск в удобное для них время. График отпусков значения не имеет. Вот некоторые из таких сотрудников: мужья в период, когда их жены в отпуске по беременности и родам (ст. 123 ТК); работники, у которых трое и более детей в возрасте до 18 лет, до достижения младшим из детей 14 лет или одним из старших – 18 (ст. 262.2 ТК); родители детей-инвалидов (ст. 262.1 ТК); ветераны (ст. 14–19 Закона от 12.01.1995 № 5-ФЗ); чернобыльцы (п. 5 ст. 14 Закона от 15.05.1991 № 1244-1); жены военнослужащих (п. 11 ст. 11 Закона от 27.05.1998 № 76-ФЗ).	16	74014	vip.1gl.ru
надо ли прерывать отпуск по уходу для ежегодного отпуска	Чтобы такая сотрудница могла пойти в основной оплачиваемый отпуск, ей нужно прервать отпуск по уходу за ребенком. Прерванный отпуск по уходу впоследствии можно возобновить.	16	62477	vip.1gl.ru
сколько заявлений писать на отпуск внутреннему совместителю	Если в вашей организации предусмотрено написание заявлений, то работник должен подать два заявления: первое – о предоставлении отпуска по основному месту работы, второе – о предоставлении отпуска по совместительству.	16	62477	vip.1gl.ru
отпуск сотрудникам в командировке на крайнем севере	Не предоставляйте дополнительный «северный» отпуск сотрудникам, которые были в командировке в районе Крайнего Севера или приравненных к нему местностях.	16	62477	vip.1gl.ru
где прописан список сотрудников с особым характером работы	Право на дополнительный отпуск есть у сотрудников с особым характером работы (ст. 118 ТК). Перечень категорий сотрудников с особым характером работы должно установить Правительство – в настоящее время такого документа нет.	16	62477	vip.1gl.ru
можно ли отгулять все скопившиеся отпуска разом	Предоставьте сотруднику возможность использовать все накопленные отпуска. Сделать это единовременно ТК не запрещает.	16	62477	vip.1gl.ru
знакомить сотрудников с графиком отпусков	Чтобы избежать возможных претензий, знакомьте сотрудников с графиком отпусков под подпись.	12	308909	vip.1gl.ru
отозвать сотрудника из отпуска без содержания	Отзывать сотрудника можно только из ежегодного оплачиваемого отпуска. На отпуска за свой счет это правило не действует (ст. 125 ТК).	86	125443	vip.1gl.ru
сотрудник не согласен выйти из отпуска	Обязательное условие для оформления отзыва из отпуска – сотрудник согласен вернуться на работу. Если сотрудник не согласен на отзыв, прерывать отпуск запрещается. Это следует из части 2 статьи 125 ТК. Отказ сотрудника выйти на работу не является нарушением трудовой дисциплины (п. 37 постановления Пленума ВС от 17.03.2004 № 2).	86	125444	vip.1gl.ru
куда выплачивать больничный чернобыльцу	Исключение действует только для пособий чернобыльцам в размере 100%, независимо от страхового стаж. Их перечисляйте только на карты «Мир». Но если сотрудник, которому выплачиваете больничный – чернобылец, который болеет не чаще одного раза в год, больничные можно выплатить на любую карту (п. 5.4, 5.5 ст. 30.5 Закона от 27.06.2011 № 161-ФЗ).	16	117934	vip.1gl.ru
срок оплаты ндфл с больничного по временной нетрудоспособности	Срок уплаты НДФЛ с больничного по временной нетрудоспособности за первые три дня – последнее число месяца, в котором выплатили больничное пособие (абз. 2 п. 6 ст. 226 НК).	16	117934	vip.1gl.ru
журнал учета заявлений на отпуск по беременности и родам	Закон не обязывает работодателя вести журнал учета заявлений на отпуск по беременности и родам. Решение о ведении журнала и порядок его оформления работодатель вправе принять самостоятельно и прописать в локальном документе. Например, положении о кадровом делопроизводстве.	86	430058	vip.1gl.ru
шаблон приказа на отпуск по родам	Приказ о предоставлении отпуска по беременности и родам издайте по форме № Т-6 или по форме, которую разработали самостоятельно. Самостоятельно разработанный приказ должен содержать: шапку с реквизитами организации, название документа; суть приказа – предоставить отпуск по беременности и родам, указать даты начала и окончания этого отпуска; список оснований – заявление сотрудницы, больничный лист; должность, подпись, фамилия руководителя организации, дата; список сотрудников, которых следует ознакомить с приказом.	86	430058	vip.1gl.ru
кого ознакомить с приказом о беременности и родах	Ознакомьте с приказом саму декретницу, а также ее непосредственного руководителя, начальника отдела кадров и главного бухгалтера. Они будут знать, какие коды ставить в табеле, какие выплаты оформить работнице, а также как решить вопрос с замещением сотрудницы на время декрета.	86	430058	vip.1gl.ru
срок оформления приказа на отпуск по беременности и родам	Точного срока оформления приказа на отпуск по беременности и родам в законе нет. Дата оформления зависит от того, когда сотрудница подаст заявление на отпуск по беременности и родам. На день начала отпуска приказ должен быть оформлен.	86	430058	vip.1gl.ru
где зарегистрировать приказ о беременности и родах	Приказ зарегистрируйте в журнале регистрации кадровых приказов. Подробнее в Какие документы относятся к документам по личному составу.	86	430058	vip.1gl.ru
срок подачи заявления на отпуск по беременности	Точный срок представления заявления на отпуск по беременности не указан ни в одном законе. От того, когда сотрудница подаст заявление, зависят даты отпуска по беременности и родам. Сотрудница вправе использовать дни отпуска в период, который указал врач в листке нетрудоспособности.	86	430058	vip.1gl.ru
атрибуты заявления на отпуск по беременности	В заявлении сотрудница указывает номер и дату больничного листа, на основании которого надо предоставить декретный отпуск. Листок нетрудоспособности подтверждает право на отпуск и пособие (ч. 1 ст. 255 ТК, раздел VIII Порядка, утв. приказом Минздрава от 01.09.2020 № 925н). Сотрудница подписывает заявление. Рядом расшифровывает подпись и ставит дату.	86	430058	vip.1gl.ru
шаблон заявления на отпуск по родам	Унифицированного бланка заявления на отпуск по беременности и родам нет. Сотрудница пишет заявление в произвольной форме на имя руководителя. Текст заявления – просьба предоставить отпуск по беременности и родам. В заявлении сотрудница указывает даты начала и окончания отпуска по беременности и родам. Даты не могут выходить за пределы периода нетрудоспособности из больничного листа.	86	430058	vip.1gl.ru
оформить заявление по беременности вместе с пособием	Заявление на отпуск по беременности и родам можно оформить отдельным документом, а можно внутри заявления о назначении пособия, которое оформляют обязательно. Специальных требований к оформлению заявления на отпуск по беременности и родам нет.	86	430058	vip.1gl.ru
запись об отпуске по уходу в трудовой книжке	На основании полученных документов издайте приказ. Сведения об отпуске отразите в личной карточке сотрудника и табеле учета рабочего времени. В трудовую книжку запись о предоставлении отпуска вносить не нужно.	86	466652	vip.1gl.ru
лимит срока отпуска по уходу за ребенком	Сотрудник может написать заявление на отпуск максимальной продолжительности – три года. Однако многие оформляют заявление на отпуск до 1,5 лет – в течение этого периода сотрудник имеет право получать пособие по уходу за ребенком. Ниже образцы заявлений на отпуск до 1,5 и 3 лет.	86	466652	vip.1gl.ru
документы для оформления пособия по уходу	Если сотрудник просит одновременно предоставить ему отпуск по уходу за ребенком и назначить соответствующее пособие, к заявлению он должен приложить справку с места работы второго родителя. В этой справке должно быть указано, что второй родитель такой отпуск не оформлял и пособие по уходу за ребенком до 1,5 лет не получает. Эту справку второй родитель получает у своего работодателя. Без такого документа назначить пособие по уходу за ребенком не получится.	86	466652	vip.1gl.ru
документы если отпуск по уходу оформляет бабушка	Если отпуск по уходу за ребенком оформляет не мама или папа, а другой родственник, то потребуются справки с мест работы родителей. Если отец или мать не работают, то такую справку они получают в органах соцзащиты по месту жительства (подп. «ж» п. 56 Порядка, утв. приказом Минтруда от 29.09.2020 № 668н).	86	466652	vip.1gl.ru
какой приказ нужен на отпуск по уходу	На основании заявления и документов, полученных от работника, издайте приказ на отпуск по форме № Т-6 или на самостоятельно разработанном бланке. В приказе дополнительно укажите решение о выплате пособия по уходу за ребенком до 1,5 лет и периоде его выплаты.	86	466652	vip.1gl.ru
какими буквами отразить отпуск по уходу в табеле	В табеле учета рабочего времени дни отпуска по уходу за ребенком отражайте буквами «ОЖ» либо цифровым кодом «15» или иным кодом, самостоятельно разработанным организацией для подобного случая. Такие обозначения устанавливает раздел 2 указаний, утвержденных постановлением Госкомстата от 05.01.2004 № 1, их применяют, когда заполняют унифицированную форму табеля. Их же можно применять, если коммерческая организация заполняет табель по самостоятельно разработанной форме.	86	466652	vip.1gl.ru
можно ли работать в отпуске по уходу	Находясь в отпуске по уходу за ребенком, сотрудник может работать на условиях неполного рабочего времени. Тогда в табеле необходимо отразить оба действия. Чтобы показать отпуск по уходу за ребенком, в коммерческих организациях используют буквенный код «ОЖ» или цифровой код «15». Чтобы отметить в табеле, что сотрудник работает, используют буквенный код «Я» или цифровой код «01». Двойные коды можно проставить через слеш (/) или добавить в табель дополнительную строку (раздел 2 указаний, утв. постановлением Госкомстата от 05.01.2004 № 1, письмо Роструда от 18.03.2008 № 660-6-0). Ниже представлен образец, как заполнять табель учета рабочего времени при работе на условиях неполного рабочего времени в период отпуска по уходу за ребенком.	86	466652	vip.1gl.ru
выход досрочно из отпуска по уходу возможен ли	Выйти из отпуска по уходу за ребенком до трех лет сотрудник может досрочно или после того, как закончится отпуск. Если работник выходит досрочно, то от него потребуется заявление.	86	466652	vip.1gl.ru
положены ли выплаты по уходу за ребенком при работе на неполный день	Когда сотрудник начинает трудиться на условиях неполного рабочего времени, отпуск прерывать не нужно. В этой ситуации сотрудник продолжает получать все положенные выплаты (ч. 3 ст. 256 ТК, ч. 2 ст. 11.1 Закона от 29.12.2006 № 255-ФЗ, п. 46 Порядка, утв. приказом Минтруда от 29.09.2020 № 668н). Образец заявления о выходе на работу на условиях неполного рабочего времени представлен ниже.	86	466652	vip.1gl.ru
документы для оформления отпуску по уходу за ребенком	К заявлению на отпуск по уходу приложите документы, которые подтверждают рождение ребенка или установление опеки. К этим документам относятся: свидетельство о рождении (усыновлении) ребенка и его копия или документ и его копия, подтверждающие факт рождения и регистрации ребенка, – при рождении ребенка на территории иностранного государства (выдает консульское учреждение России за границей, другое компетентное ведомство); свидетельство об усыновлении ребенка и его копия (при усыновлении ребенка); выписка из решения об установлении над ребенком опеки (предоставляет опекун); свидетельства о рождении (усыновлении, смерти) предыдущих детей и их копии (представляют сотрудницы, у которых уже есть (были) дети).	86	466652	vip.1gl.ru
за сколько работодатель выплачивает больничный	Работодатель назначает и выплачивает больничное пособие только за первые три дня болезни самого сотрудника. Назначайте пособие в течение 10 календарных дней после того, как сотрудник представил верно оформленный больничный листок (ч. 1 ст. 15 Закона от 29.12.2006 № 255-ФЗ, ст. 6 Закона от 29.12.2020 N 478-ФЗ). Срок выплаты пособия по больничному листу работодателем за первые три дня болезни – ближайший день после назначения пособия, который установлен для выплаты зарплаты.	86	416627	vip.1gl.ru
срок выплаты пособия ФСС	Начиная с четвертого дня болезни сотрудника и за оставшиеся дни болезни больничное пособие оплачивает территориальный орган ФСС. Выплатить пособие ФСС должен в течении 10 календарных дней со дня получения документов либо реестра сведений, которые необходимы для назначения и выплаты пособия (п. 11 Положения, утв. постановлением Правительства от 30.12.2020 № 2375).	86	416627	vip.1gl.ru
пособие за заболевшим ребенком кто платит	Больничное пособие по уходу за заболевшим ребенком или родственником, пособие по беременности и родам назначает и выплачивает за все дни территориальный орган ФСС в полном объеме. Основание – закон от 29.12.2020 № 478-ФЗ, постановление Правительства от 30.12.2020 № 2375.	86	416627	vip.1gl.ru
надо ли платить ндфл с больничного	Пособие по временной нетрудоспособности, как и зарплата, – это объект налогообложения, который формирует налоговую базу по НДФЛ (подп. 6 п. 1 ст. 208, п. 1 ст. 209, п. 1 ст. 210, п. 1 ст. 217 НК). Работодатель признается налоговым агентом и обязан исчислить, удержать из доходов и перечислить НДФЛ с сумм, которые выплачивает сотрудникам (п. 1, 4 ст. 226 НК).	86	407201	vip.1gl.ru
ставка ндфл для больничного пособия	НДФЛ удерживают по ставке 13 процентов со всей суммы больничного пособия (п. 1 ст. 217, п. 1 ст. 224 НК). Налог удерживают независимо от того, в связи с каким страховым случаем назначили пособие, даже в связи с несчастным случаем на производстве или профзаболеванием (письма Минфина от 16.04.2019 № 03-04-05/27097, от 29.04.2013 № 03-04-05/14992). Исключение – пособие по беременности и родам, оно освобождено от НДФЛ (п. 1 ст. 217 НК).	86	407201	vip.1gl.ru
как рассчитать базу для нфдл с больничного	Налоговую базу для НДФЛ рассчитывают нарастающим итогом ежемесячно (п. 2, 3 ст. 226 НК). Как налоговому агенту рассчитать НДФЛ по ставке 13 процентов – в рекомендации.	86	407201	vip.1gl.ru
пособие по беременности и родам нфдл	Пособие по беременности и родам не облагается НДФЛ (п. 1 ст. 217 НК). Пособие выплачивают на основании листка нетрудоспособности и заявления (п. 5 ст. 13 Закона от 29.12.2006 № 255-ФЗ). Как оформить отпуск и пособие по беременности и родам – в рекомендации.	86	407201	vip.1gl.ru
ндфл при уходе за больным ребенком	Пособие по больничным листам по уходу за больным ребенком облагается НДФЛ в общем порядке. ФСС оплачивает пособие в полном объеме с первого дня болезни ребенка. НДФЛ удерживает ФСС при фактической выплате такого пособия как налоговый агент (подп. 1 п. 1 ст. 223 НК, п. 1, 4 ст. 226 НК).	86	407201	vip.1gl.ru
ндфл при уходе за ребенком инвалидом	С больничных по уходу за ребенком-инвалидом платят НДФЛ по общим правилам. Налог самостоятельно начисляет и удерживает ФСС. Налог будет перечислен в бюджет не позднее последнего числа месяца, в котором была выплата (п. 1 ст. 217, подп. 1 п. 1 ст. 223, п. 1 ст. 224 НК, п. 1, 4, абз. 2 п. 6 ст. 226 НК).	86	407201	vip.1gl.ru
дополнительные выходные за ребенком инвалидом облагаются ли нфдл	Дополнительные выходные дни по уходу за ребенком-инвалидом не относятся к больничному пособию и не облагаются НДФЛ (п. 78 ст. 217 НК, письмо Минфина от 16.12.2019 № 03-04-05/98044).	86	407201	vip.1gl.ru
больничный лист после увольнения	В течение 30 дней после увольнения сотрудник может принести бывшему работодателю больничный лист. Выплаты по больничному листу после увольнения облагают НДФЛ в общем порядке. Причина увольнения не имеет значения (п. 2 ст. 5 Закона от 29.12.2006 № 255-ФЗ).	86	407201	vip.1gl.ru
срок уплаты НДФЛ с больничного при увольнении сотрудника	Со всей суммы больничного пособия удерживают НДФЛ по ставке 13 процентов при фактической выплате. За первые три дня болезни выплачивает пособие и удерживает НДФЛ работодатель, начиная с четвертого – ФСС (п. 1 ст. 217, подп. 1 п. 1 ст. 223, п. 1 ст. 224, п. 1, 4 ст. 226 НК). Срок уплаты НДФЛ с больничного при увольнении сотрудника – не позднее последнего числа месяца, в котором выплачено пособие по временной нетрудоспособности. Особенностей при перечислении налога в связи с увольнением сотрудника нет (п. 6 ст. 226 НК, письмо Минфина от 11.06.2019 № 21-08-11/42596). Днем получения дохода бывшего сотрудника будет день выплаты больничного (подп. 1 п. 1 ст. 223, п. 1, 4 ст. 226 НК).	86	407201	vip.1gl.ru
пособия по переходящему больничному листу ндфл	Пособия по переходящему больничному листу облагаются НДФЛ в общем порядке по ставке 13 процентов (п. 1 ст. 217, п. 1 ст. 224 НК). По больничному, переходящему с одного календарного года на другой, пособие рассчитывают исходя из среднего заработка сотрудника за два календарных года, предшествующих году начала временной нетрудоспособности. То есть году, в котором открыт больничный лист (п. 1 ст. 14 Закона от 29.12.2006 № 255-ФЗ).	86	407201	vip.1gl.ru
больничный на карантине кто платит	ФСС выплачивает больничный на карантине самостоятельно. Работодатель не признается налоговым агентом по НДФЛ, так как не является источником выплаты дохода. Когда пособие выплачивает ФСС, именно фонд и удерживает НДФЛ с дохода. Такие выводы следуют из пункта 1 статьи 226 НК.	86	407201	vip.1gl.ru
ндфл по больничному сотрудникам старше 65 лет 	НДФЛ по больничному сотрудникам старше 65 лет не исчисляйте и не удерживайте, если пособие назначил и выплатил ФСС напрямую за свой счет на основании листка нетрудоспособности. Такие листки фонд оформлял дистанционно (ч. 3 ст. 3 Закона от 29.12.2006 № 255-ФЗ, п. 1, 9, 10 Временных правил, утв. постановлением Правительства от 01.04.2020 № 402). Налоговым агентом будет ФСС, он же и удержит налог при выплате больничного пособия. Отражать НДФЛ, который исчислил и уплатил ФСС, в Справке о доходах и суммах налога физического лица и расчете 6-НДФЛ не нужно.	86	407201	vip.1gl.ru
кому платить больничный, если сотрудник умер	Пособие по больничному листу, который не успели выплатить умершему сотруднику, получает его наследник (п. 1 ст. 1183 ГК, ч. 5 ст. 15 Закона от 29.12.2006 № 255-ФЗ, письмо Минтруда от 23.06.2015 № 17-3/В-307). В данной ситуации с суммы больничного НДФЛ не начисляют и не удерживают.	86	407201	vip.1gl.ru
ндфл больничный умершему сотруднику	После смерти сотрудника обязанность налогового агента по уплате НДФЛ прекращается (подп. 3 п. 3 ст. 44 НК). Больничное пособие умершего родственника, которое получает гражданин в порядке наследования, не облагают НДФЛ (п. 18 ст. 217 НК, письмо Минфина от 17.09.2018 № 03-04-05/66356).	86	407201	vip.1gl.ru
надо ли писать заявление на отпуск без содержание	Чтобы оформить отпуск за свой счет, сотрудник должен написать заявление (ст. 128 ТК). Заявление необходимо независимо от того, какой отпуск за свой счет оформляет сотрудник – обязательный или нет. На основании заявления сотрудника издайте приказ о предоставлении отпуска. Приказ должен подписать руководитель, сотрудника необходимо ознакомить с ним под подпись.	86	410643	vip.1gl.ru
подтверждающие документы для отпуска без содержания	Но чтобы подтвердить право на обязательный отпуск за свой счет, рекомендуем приложить к заявлению копии подтверждающих документов. Это поможет снизить риски злоупотреблений, а также споров с сотрудником и трудовой инспекцией о правомерности отпуска. В коллективном договоре или локальном нормативном акте работодатель вправе установить перечень таких документов.	86	410643	vip.1gl.ru
отпуск без содержания на длительный срок	Если предоставляете сотруднику отпуск без сохранения зарплаты на длительный срок (несколько месяцев или лет), оформите один приказ. Независимо от продолжительности отпуска правила его оформления едины. Сотрудник пишет заявление, а работодатель издает приказ. Об этом — в статье 128 ТК.	86	410643	vip.1gl.ru
нужны ли даты в заявлении на отпуск без содержания	Важно: сотрудник в заявлении должен писать конкретный срок, на который он просит отпуск. Нельзя оформить заявление без даты окончания отдыха за свой счет. Если нужно, по окончании отпуска можно оформить еще один отдых без содержания.	86	410643	vip.1gl.ru
сколько хранить приказы на отпуск без содержания	Приказы на отпуск за свой счет храните: — не менее 75 лет — если они изданы до 2003 года; — не менее 50 лет — если они изданы после 2003 года.	86	410643	vip.1gl.ru
как в табеле отметить отпуск без содержания	Отпуск без сохранения зарплаты отмечайте в табеле кодом «А» – неявки с разрешения администрации. Такой код есть в Методических указаниях, утвержденных приказом Минфина от 30.03.2015 № 52н. Используйте его независимо от того, обязан работодатель предоставить отпуск или предоставляете отпуск по соглашению сторон.	86	410643	vip.1gl.ru
можно ли направить в комнадировку удаленщика	В командировку с учетом всех запретов и ограничений можно направить только штатного сотрудника, с которым заключен трудовой договор, в том числе дистанционщиков, надомников, совместителей (ст. 166 ТК).	16	74163	vip.1gl.ru
можно ли направить в компандировку не штатного сотрудника	В командировку с учетом всех запретов и ограничений можно направить только штатного сотрудника, с которым заключен трудовой договор, в том числе дистанционщиков, надомников, совместителей (ст. 166 ТК).	16	74163	vip.1gl.ru
командировка по договору подряда что прописать в договоре	Условия служебных поездок таких лиц должны быть прописаны в договоре. В частности, в договоре укажите на возможность поездок и оговорите, что заказчик возмещает исполнителю фактически произведенные затраты, связанные с поездкой. Если заранее предусмотреть необходимость поездки нельзя, то необходимые условия следует внести в договор после того, как он заключен. Дополнения оформите в виде письменного соглашения и приложите к договору.	16	74163	vip.1gl.ru
командировка иностранца	Направление иностранцев в служебную поездку возможно только при соблюдении целого ряда условий. При этом конкретный порядок зависит от места командирования: по территории России или за рубеж.	16	74163	vip.1gl.ru
командировка в отпуске по уходу за ребенком	Таким образом, по общему правилу сотрудника, который совмещает отпуск по уходу за ребенком с работой, можно направить в командировку на общих основаниях. При этом в ряде случаев работодатель обязан запросить предварительное согласие работника на поездку.	16	74163	vip.1gl.ru
кого нельзя направить в командировку	Запрещается направлять в командировку: сотрудников в период действия ученического договора, если командировка не связана с ученичеством; беременных женщин; сотрудников моложе 18 лет. Исключение – отдельные категории творческих работников и спортсмены. Перечень творческих работников, которых можно привлечь к ночной работе, утвердили в постановлении Правительства от 28.04.2007 № 252; работников, которые отказались от командировки либо выразили согласие на направление в командировку, но она противопоказана им по состоянию здоровья согласно медицинскому заключению.	16	74163	vip.1gl.ru
уволить за отказ от камандировки	Да, можно, но только при одновременном соблюдении двух условий: если сотрудник не вправе отказаться от командировки и у него есть непогашенное дисциплинарное взыскание.	16	74163	vip.1gl.ru
командировка невыездному сотруднику	Командировкой признают служебную поездку сотрудника по распоряжению руководителя для выполнения какого-либо поручения вне места постоянной работы (ст. 166 ТК). Если сотрудника направляют в командировку в пределах города или же за пределы города, но сотрудник согласовал это со следователем, то такая командировка не будет нарушением. В остальных случаях направить такого работника в командировку нельзя.	16	74163	vip.1gl.ru
какие расходы оплачивают в командировке	Штатному сотруднику, направленному в командировку, организация обязана возместить: оплату проезда; расходы на наем жилья; суточные; другие расходы, произведенные с разрешения или ведома администрации организации.	16	120956	vip.1gl.ru
дни болезни во время командировки сотрудника	Если сотрудник в командировке заболел, средний заработок за дни болезни не сохраняйте. За этот период сотруднику нужно выплатить суточные и больничное пособие. Кроме того, возместите сотруднику расходы на наем жилья (кроме случаев, когда он находился на стационарном лечении).	16	120956	vip.1gl.ru
сверхурочная работа во время командировки	Оплачивайте сверхурочную работу во время командировки в повышенном размере.	16	120956	vip.1gl.ru
работа в ночное время во время командировки	Оплачивайте работу в ночное время в повышенном размере.	16	120956	vip.1gl.ru
командировка сотруднику неполный день	Сотруднику, который работает неполное рабочее время, зарплату рассчитывают пропорционально отработанному времени. Если такого человека направляют в командировку, правило пропорциональной оплаты не действует. За дни нахождения в командировке сотруднику начисляют среднюю зарплату, которую рассчитывают по общему правилу (п. 4 положения, утв. постановлением Правительства от 24.12.2007 № 922). Высчитывать пропорцию от среднего не нужно.	16	120956	vip.1gl.ru
какой код написать в табеле, если сотрудника нет на месте	Если причина отсутствия сотрудника на рабочем месте неизвестна, в табеле учета рабочего времени по форме № Т-12 или № Т-13 поставьте буквенный код «НН».	16	113022	vip.1gl.ru
разница между надомником и удаленщиком	На дистанционных сотрудников распространяются общие нормы трудового законодательства, работа осуществляется на основании трудового договора на постоянной основе либо временно (ч. 3 ст. 312.1 ТК). У трудовых отношений с такими сотрудниками есть свои особенности, которые регулирует: глава 49.1 ТК; Закон от 06.11.2011 № 63-ФЗ, который описывает порядок получения электронной подписи и обмена электронными документами между сотрудником и работодателем. Работу надомников оформляют не так, как дистанционную.	16	116183	vip.1gl.ru
удаленщики в штате или нет	Штатное расписание отражает структуру, штатный состав и штатную численность сотрудников организации (ст. 57 ТК, раздел 1 указаний, утв. постановлением Госкомстата от 05.01.2004 № 1). Каких-либо исключений по включению должностей и профессий дистанционных сотрудников в штатное расписание трудовое законодательство не устанавливает. Таким образом, дистанционных сотрудников необходимо включать в штат организации.	16	116183	vip.1gl.ru
испытательный срок удаленщикам	Условие об испытании сотрудника устанавливают при заключении трудового договора и только по соглашению сторон. В отношении отдельных категорий сотрудников закон содержит запрет на установление испытания. Дистанционные сотрудники к указанным категориям не относятся.	16	116183	vip.1gl.ru
документы при удаленной работе	Стороны вправе обмениваться при удаленной работе документами в электронном виде. Работодатель должен использовать усиленную квалифицированную электронную подпись, а сотрудник – усиленную квалифицированную электронную подпись или усиленную неквалифицированную электронную подпись.	16	116183	vip.1gl.ru
эцп сотруднику	Усиленную квалифицированную электронную цифровую подпись сотрудник может получить в удостоверяющих центрах, которые аккредитованы в Минкомсвязи и имеют специальную лицензию ФСБ. Уточнить адрес ближайшего удостоверяющего центра можно на сайте госуслуг или Минцифры.	16	116183	vip.1gl.ru
дистанционщика привлекли к сверхурочной работе законно ли	Режим рабочего времени дистанционный сотрудник устанавливает по своему усмотрению. Но если характер работы требует, чтобы сотрудник выполнял работу в определенные дни или часы, то конкретный режим работы следует закрепить в трудовом договоре или дополнительном соглашении к нему. Такой вывод следует из совокупности положений статей 72, 312.4 Трудового кодекса.	16	116183	vip.1gl.ru
нумерация трудовых договоров	Однозначного ответа на этот вопрос закон не содержит. Обязательные сведения, которые должен содержать трудовой договор, перечислены в статье 57 Трудового кодекса. Трудовой договор, который заключен со спортсменом, тренером, дополнительно должен содержать обязательные условия, перечисленные в статье 348.2 Трудового кодекса. К числу обязательных сведений номер трудового договора не относят.	16	115787	vip.1gl.ru
сотрудник потерял военный билет как принять	Если сотрудник при приеме на работу не может предоставить военный билет в связи с его утратой, сообщите об этом в военкомат. Так обезопасите себя от административной ответственности за то, что не сообщили о приеме на работу гражданина, который состоит или обязан состоять, но не состоит на воинском учете (ч. 3 ст. 21.4 КоАП).	16	115787	vip.1gl.ru
можно ли подписать трудовой договор факсимиле	Пункт 2 статьи 160 Гражданского кодекса, который предусматривает воспроизведение факсимильных подписей на договорах, в отношении трудовых договоров не применяют. Так как трудовые отношения, в том числе порядок заключения трудовых договоров и дополнительных соглашений к ним, регулирует исключительно трудовое законодательство (ст. 5 ТК). Трудовой договор оформляют в письменном виде в двух экземплярах, на каждом из которых стороны договора собственноручно ставят свои подписи (ст. 67 ТК).	16	115787	vip.1gl.ru
у сотрудника исполнительный лист можно ли отказать в приеме	Таким образом, нельзя отказать сотруднику в приеме на работу на основании наличия исполнительного листа.	12	430117	vip.1gl.ru
когда после приема издавать приказ	Вы вправе сами определить срок, в который оформляете приказ о приеме на работу и знакомите с ним сотрудника.	12	398743	vip.1gl.ru
штраф за необоснованный отказ в приеме	За необоснованный отказ в приеме на работу предусмотрена административная ответственность: для организации – от 30 000 до 50 000 руб.; для должностных лиц организации (например, руководителя) – от 1000 до 5000 руб.; для предпринимателей – от 1000 до 5000 руб.	16	65028	vip.1gl.ru
штраф за отказ принять беременную	За необоснованный отказ в заключении трудового договора с беременной или матерью детей в возрасте до трех лет должностное лицо работодателя привлекут к уголовной ответственности. Возможно наказание: штраф на сумму до 200 000 руб.; штраф в размере зарплаты или другого дохода осужденного за период до 18 месяцев; обязательные работы на срок от 120 до 360 часов. Об этом сказано в статье 145 УК.	16	65028	vip.1gl.ru
штраф за отказ принять инвалида	Законодательством предусмотрена отдельная административная ответственность за нарушение прав инвалидов при их трудоустройстве. Необоснованный отказ в приеме на работу инвалида в пределах установленной квоты влечет наложение штрафа на должностных лиц работодателя в размере от 5000 до 10 000 руб. (ст. 32 Закона от 24.11.1995 № 181-ФЗ, ч. 1 ст. 5.42 КоАП).	16	65028	vip.1gl.ru
причины отказа в приеме на работу	Отказать в трудоустройстве можно по основаниям: неподходящее образование; недостаточный опыт работы; отсутствие необходимой профессии и квалификации; медицинские противопоказания. Такой примерный перечень приведен в пункте 10 постановления Пленума Верховного суда от 17.03.2004 № 2.	16	65028	vip.1gl.ru
на что нельзя ссылаться при отказе в приеме на работу	Нельзя указывать в качестве причин отказа в приеме на работу беременность, наличие детей, отсутствие регистрации, пол, национальность, вероисповедание (ч. 2 и 3 ст. 64 ТК). Более того, запрещено устанавливать ограничения дискриминационного характера в объявлениях при поиске новых сотрудников на вакантные должности (п. 6 ст. 25 Закона от 19.04.1991 № 1032-1).	16	65028	vip.1gl.ru
испытательный срок для студента	Условие об испытании сотрудника устанавливают при заключении трудового договора и только по соглашению сторон. В отношении отдельных категорий сотрудников закон содержит запрет на установление испытания. Сами по себе студенты к указанным категориям не относятся. При этом запрет действует, в частности, в отношении несовершеннолетних лиц. Поэтому, если студент моложе 18 лет, установить ему испытательный срок при приеме на работу работодатель не вправе. Это следует из положений абзаца 4 статьи 70 Трудового кодекса.	16	56075	vip.1gl.ru
испытательный срок совместителю	Закон не устанавливает особенностей установления испытательного срока для совместителей при приеме на работу. Поэтому при приеме на работу совместителя ему можно установить срок испытания в общем порядке с учетом того, что отдельным категориям работников закон запрещает устанавливать испытание. Например, сотрудникам моложе 18 лет или беременным женщинам (ч. 4 ст. 70 ТК).	16	56075	vip.1gl.ru
установить испытательный срок для предпенсионера	При заключении трудового договора сотруднику может быть установлен испытательный срок (ст. 70 ТК). При этом закон не устанавливает особенностей установления испытания для предпенсионеров. Поэтому по общему правилу ему можно установить испытание, но с учетом общих ограничений (ч. 4 ст. 70 ТК). Например, нельзя установить испытательный срок, если с предпенсионером заключили трудовой договор на срок до двух месяцев или он был приглашен на работу в порядке перевода от другого работодателя.	16	56075	vip.1gl.ru
испытательный срок для мамы с ребеноком до полутора лет	Установить испытательный срок сотруднику с ребенком до 1,5 лет нельзя. Даже если работник сам согласен на такую проверку (ст. 70 ТК).	16	56075	vip.1gl.ru
какой испытательный срок при переводе на другую должность	Установить испытательный срок при переводе на другую должность нельзя. Даже если работник сам согласен на такую проверку. На это указывает статья 70 ТК и Роструд в письмах от 25.04.2011 № 1081-6-1, от 02.03.2011 № 520-6-1.	16	56075	vip.1gl.ru
где прописать испытательный срок	Условие об испытании с указанием его продолжительности включите в текст трудового договора.	16	56075	vip.1gl.ru
испытательный срок забыли просписать в договоре что делать	Условие об испытании может быть предусмотрено только при заключении трудового договора с работником и только по соглашению сторон. Если данный пункт в договоре отсутствует, это означает, что сотрудник зачислен в штат организации без испытания.	16	56075	vip.1gl.ru
обязателен ли испытательный срок для сотрудников	Условие об испытании не относится к обязательным условиям трудового договора.	16	56075	vip.1gl.ru
расширенный срок испытательного срока	Испытание на срок до шести месяцев можно установить: руководителю организации и его заместителям; главному бухгалтеру и его заместителям; руководителям филиалов, представительств и иных обособленных структурных подразделений.	16	56075	vip.1gl.ru
входит ли командировка в испытательный срок	Таким образом, период нахождения работника в командировке засчитывают в срок испытания.	16	56075	vip.1gl.ru
испытательный срок совместителю	Срок испытания совместителю, как внутреннему, так и внешнему, следует установить в общем порядке.	16	56075	vip.1gl.ru
испытательный срок для сотрудников на крайнем севере	Срок испытания установите по общим правилам. Закон не устанавливает особенностей испытательного срока для сотрудников, которых принимают на работу в местностях с особыми климатическими условиями.	16	56075	vip.1gl.ru
можно ли продлить испытательный срок	Закон запрещает продлевать срок испытания, даже если сотрудник согласен. Основание – статья 70 Трудового кодекса.	16	56075	vip.1gl.ru
продление испытательного срока на период болезни	Однако в срок испытания не входят периоды временной нетрудоспособности и иные периоды, когда сотрудник фактически отсутствовал на работе, например, был в отпуске. Специально оформлять продление испытания в таких случаях не нужно. Поскольку перенос срока окончания испытания не влечет какого-либо изменения статуса сотрудника (ч. 7 ст. 70 ТК).	16	56075	vip.1gl.ru
в каких случаях можно перейти на патент	В отношении каких видов деятельности можно применять патент, решают регионы (п. 2 ст. 346.43 НК). В НК установлен приблизительный список видов деятельности, по которым предприниматель вправе получить патент, и указана запрещенная деятельность, при которой патент не выдадут ни в одном регионе.	16	118203	vip.1gl.ru
когда нельзя перейти на патент	Независимо от региона на основании пункта 6 статьи 346.43 НК на ПСН не переводят: деятельность в рамках договора простого товарищества (договора о совместной деятельности) или договора доверительного управления имуществом; производство подакцизных товаров, добычу и реализацию полезных ископаемых; розницу через объекты стационарной торговой сети с площадью торгового зала более 150 кв. м; общепит через объекты с площадью зала обслуживания посетителей более 150 кв. м; опт и торговлю по договорам поставки; перевозки грузов и пассажиров, если для этих целей у ИП более 20 автомобилей в собственности, пользовании, владении или распоряжении; сделки с ценными бумагами или производными финансовыми инструментами, оказание кредитных и иных финансовых услуг.	16	118203	vip.1gl.ru
патент на розничную торговлю	Переводится ли розница на патент в вашем регионе, смотрите в законе субъекта. По НК на патент можно перевести розничную торговлю через объекты стационарной торговой сети с торговыми залами, объекты стационарной торговой сети без торговых залов и объекты нестационарной торговой сети (подп. 45 и 46 п. 2 ст. 346.43 НК). Розничная торговля по ОКВЭД2 входит в группировку с кодами 45 и 47.	16	118203	vip.1gl.ru
патент при торговле маркированными товарами	На патент нельзя перевести розничную торговлю товарами с обязательной маркировкой, которые перечислены в подпункте 1 пункта 3 статьи 346.43 НК. Это лекарства, обувь, меховая одежда и изделия из натурального меха.	16	118203	vip.1gl.ru
территория действия патента	Чтобы определить территорию действия патента, нужно смотреть региональный закон. Региональные власти могут установить территорию действия патента в пределах субъекта РФ, муниципального образования внутри него или группы муниципальных образований.	16	118203	vip.1gl.ru
патент на несколько объектов	Один патент применяют в отношении всех торговых точек, расположенных в пределах территории действия патента, если все торговые точки прописаны в приложении 3 к патенту с указанием их адресов и площадей. То есть единственный идентификатор торговой точки — ее адрес.	16	118203	vip.1gl.ru
патент на общепит	Переводится ли общепит на патент в вашем регионе, смотрите в законе субъекта. По НК на патент можно перевести услуги общепита через объекты общепита, у которых есть зал обслуживания посетителей, и без таких залов (подп. 47 и 48 п. 2, подп. 15 п. 3 ст. 346.43 НК).	16	118203	vip.1gl.ru
получить патент на услуги	Виды услуг, в отношении которых можно получить патент, смотрите в региональном законе. В НК установлен приблизительный список видов деятельности, и этот список открытый. К примеру, во многих регионах выдают патенты на ветеринарные, парикмахерские и косметические услуги, услуги в области фотографии.	16	118203	vip.1gl.ru
патент на оказание парикмахерских услуг	Во многих региональных законах по ПСН предусмотрены парикмахерские и косметические услуги. Эти услуги есть в перечне видов деятельности из НК (подп. 3 п. 2 ст. 346.43 НК). По ОКВЭД2 вид деятельности входит в группировку с кодом 96.02 «Предоставление услуг парикмахерскими и салонами красоты».	16	118203	vip.1gl.ru
патент на массаж	Переводится ли на патент в вашем регионе медицина, стоматология и массаж, смотрите в законе субъекта. По НК на патент можно перевести медицинскую и фармацевтическую деятельность, если есть лицензия и ИП не продает лекарства, подлежащие обязательной маркировке (подп. 38 п. 2 ст. 346.43 НК). По ОКВЭД2 медицинская и стоматологическая практика входит в группировку с кодом 86.2.	16	118203	vip.1gl.ru
патент на деятельность турагентств	Экскурсионные туристические услуги регионы вправе перевести на патент. Смотрите закон субъекта. В НК этот вид деятельности есть (подп. 41 п. 2 ст. 346.43 НК). По ОКВЭД2 деятельность по предоставлению экскурсионных туристических услуг входит в группировку с кодом 79.90.2. В рамках этого вида деятельности нельзя оказывать услуги турагентства (ОКВЭД2 — 79.11).	16	118203	vip.1gl.ru
патент на услуги проживания	Выдают ли в вашем регионе патент на оказание гостиничных услуг, смотрите в законе субъекта. В перечне видов деятельности из пункта 2 статьи 346.43 НК таких услуг нет, но этот список приблизительный и открытый. Регионы могут добавить любые виды деятельности из ОКВЭД2 и ОКПД2 (подп. 2 п. 8 ст. 346.43 НК). По ОКВЭД2 гостиничные услуги относятся к коду 55 «Деятельность по предоставлению мест для временного проживания».	16	118203	vip.1gl.ru
нужно ли самозанятым регистрировать ип	Определения «самозанятых» в законе нет. В широком смысле это форма занятости, при которой гражданин получает доход от его профессиональной деятельности, например оказания услуг или работ, реализации произведенных им товаров, при этом у него нет работодателя и наемных работников. Отдельные виды деятельности можно вести без регистрации ИП (абз. 2 п. 1 ст. 23 ГК, п. 6 ст. 2 Закона от 27.11.2018 № 422-ФЗ).	16	72530	vip.1gl.ru
какой транспорт освобожден от налога	Некоторые виды транспорта освобождены от уплаты налога. Например, к ним относятся следующие транспортные средства.	16	116597	vip.1gl.ru
нужно ли платить транспортный налог с прицепов	Транспортные средства, с которых нужно платить налог, перечислены в пункте 1 статьи 358 НК. Несамоходные наземные транспортные средства, к которым относятся, в частности, прицепы и полуприцепы, в этом пункте не названы. Следовательно, объектами налогообложения они не признаются.	16	116597	vip.1gl.ru
какой срок учебного отпуска	Продолжительность учебного отпуска должна быть указана в справке-вызове из учебного заведения. Типовая форма справки-вызова утверждена приказом Минобрнауки от 19.12.2013 № 1368.	16	53156	vip.1gl.ru
можно ли заменить учебный отпуск денежной выплатой	Денежной компенсацией можно заменить только ежегодный оплачиваемый отпуск (ст. 126 ТК). А учебные отпуска предоставляются на основании справки-вызова и не являются ежегодными.	16	53156	vip.1gl.ru
предоставить учебный отпуск аспиранту	Аспирантам, ординаторам и т. п. оплачиваемый учебный отпуск предоставьте при условии, что образование данного уровня такой сотрудник получает впервые. Или же когда организация направила на обучение сотрудника, уже имеющего образование данного уровня, заключив с ним соответствующий договор (ч. 1 ст. 177 ТК).	16	53156	vip.1gl.ru
учебный отпуск заочнику	Оплачиваемый учебный отпуск нужно предоставить тем сотрудникам, которые учатся: в вузах по заочной или очно-заочной форме в рамках программ бакалавриата, специалитета или магистратуры (ч. 1 ст. 173 ТК);	16	53156	vip.1gl.ru
учебный отпуск совместителю	Совместителям организация не обязана предоставлять учебный отпуск. Право на учебный отпуск возникает у сотрудников только по основному месту работы. Об этом сказано в части 1 статьи 287 ТК.	16	53156	vip.1gl.ru
сколько надо проработать для учебного отпуска	Администрация должна предоставить сотруднику учебный отпуск независимо от того, сколько времени он проработал в организации. Ограничения по стажу, дающему право на учебный отпуск, в законодательстве не установлены.	16	53156	vip.1gl.ru
когда уведомить об учебном отпуске	В то же время работодатель при предоставлении оплачиваемого отпуска связан минимальным трехдневным сроком выплаты отпускных (ч. 9 ст. 136 ТК РФ). Поэтому подать заявление на предоставление любого оплачиваемого отпуска (в т. ч. учебного) сотруднику рекомендуется с учетом этого срока.	16	54067	vip.1gl.ru
пособие на ребенка внешнему совместителю	Пособие выплатят получателю один раз независимо от количества мест работы. Оформление единовременного пособия при рождении ребенка по всем местам работы действующим законодательством не предусмотрено.	16	117691	vip.1gl.ru
пособие на ребенка если не уходил в декрет	Пособие при рождении ребенка положено всем родителям. При этом неважно, была мать ребенка в декретном отпуске или нет (ст. 11 Закона от 19.05.1995 № 81-ФЗ).	16	117691	vip.1gl.ru
срок обращения за пособием на ребенка	Сотрудник (сотрудница) вправе получить пособие в течение шести месяцев со дня рождения ребенка.	16	117691	vip.1gl.ru
когда приходить за пособием на ребенка	Сотрудник (сотрудница) вправе получить пособие в течение шести месяцев со дня рождения ребенка.	16	117691	vip.1gl.ru
предельный срок получения пособия на ребенка	Сотрудник (сотрудница) вправе получить пособие в течение шести месяцев со дня рождения ребенка.	16	117691	vip.1gl.ru
куда зачисляют пособия на ребенка	Детские пособия зачисляют на карты «МИР».	16	120167	vip.1gl.ru
срок выплаты пособия на ребенка фсс	ФСС выплатит пособие в течение 10 рабочих дней со дня, когда получит необходимые сведения для выплаты пособия.	16	122535	vip.1gl.ru
отпуск по уходу за ребенком дедушке	Отпуск по уходу за ребенком может быть предоставлен не только матери ребенка. Его может получить любой родственник, фактически ухаживающий за малышом (отец, бабушка, дедушка, другой родственник), а также опекун.	86	466650	vip.1gl.ru
несколько детей можно взять отпуск маме и папе	Если в семье есть несколько детей, требующих одновременного ухода (при рождении близнецов, тройни), то ухаживать за ними могут разные члены семьи. Например, за одним ребенком ухаживает мать, а за другим – бабушка. Каждый из них вправе оформить отпуск.	86	466650	vip.1gl.ru
уволить в отпуске по уходу	По инициативе организации уволить сотрудника в отпуске по уходу за ребенком нельзя. Ведь за сотрудником, который ухаживает за ребенком до трех лет, работодатель обязан сохранить рабочее место и его должность. Об этом сказано в статье 256 ТК. Исключением может быть расторжение трудового договора в случае ликвидации организации.	16	122779	vip.1gl.ru
срок уведомления при досрочном выходе из отпуска	Порядок уведомления работодателя о досрочном выходе на работу из отпуска по уходу за ребенком законом не установлен. Поэтому работодатель вправе закрепить такой порядок, в том числе срок предупреждения о досрочном выходе, в локальном акте организации (ст. 8 ТК).	16	56406	vip.1gl.ru
выход из отпуска по уходу когда	Выйти из отпуска по уходу за ребенком сотрудник обязан в первый рабочий день, который следует за днем исполнения ребенку трех лет. При этом оформлять какие-либо дополнительные документы об окончании отпуска закон не требует.	16	56406	vip.1gl.ru
ежегодный отпуск перед отпуском по беременности и родам	По желанию сотрудника сразу перед отпуском по уходу за ребенком или после него работодатель обязан предоставить ежегодный оплачиваемый отпуск (ч. 3 ст. 122 ТК).	16	56406	vip.1gl.ru
инструктаж после отпуска по уходу	Да, нужно провести повторный и внеплановый инструктаж по охране труда.	16	56406	vip.1gl.ru
увольнение в отпуске по уходу при ликвидации	Процедуру увольнения в связи с ликвидацией филиала, который находится в другой местности, проводят так же, как и при ликвидации организации (ч. 4 ст. 81 ТК). Увольнение в связи с ликвидацией возможно как во время болезни, так и в период отпусков сотрудников, в том числе отпусков по беременности и родам или по уходу за ребенком (ч. 4 ст. 261, ч. 6 ст. 81 ТК).	16	56406	vip.1gl.ru
